email,cpf,senha,site,data
duarteheloisa@silva.br,058.476.932-65,(90R0V@l,Zoom,2020-10-18
moreirahenrique@rocha.com,948.175.630-01,t+4GtmQi,Adobe,2021-03-10
marianepeixoto@uol.com.br,687.521.034-71,%$*0W3u@,Twitter,2024-08-08
andre30@ig.com.br,389.641.507-75,L#Z0ulMr,Dropbox,2025-02-19
moreiramaite@goncalves.br,563.741.890-00,D%2Z#@7c,Uber,2019-05-08
alana95@costa.br,076.532.149-16,(l5uOv(P,MySpace,2024-05-20
lucas-gabrielda-cunha@fogaca.br,136.907.524-34,!Ge8BBx$,Zoom,2019-12-02
eduardosilveira@freitas.com,470.589.361-10,n7(_8H%k,Dropbox,2015-11-24
vda-cunha@nascimento.br,982.056.734-38,q$d7HG!h,Facebook,2018-02-22
cardosothomas@yahoo.com.br,982.370.615-86,)1GzVeHE,Zoom,2018-10-28
agatha18@da.net,209.186.437-40,p^2Brl)!,Dropbox,2021-08-06
carolina19@gmail.com,974.803.216-78,%uMW9Alo,Uber,2024-01-17
otaviolopes@bol.com.br,460.259.173-61,@lukq9Za,Zoom,2022-11-11
souzamaria-cecilia@yahoo.com.br,375.018.496-84,5)g32XJk,Uber,2019-12-06
lunaribeiro@gmail.com,543.620.819-33,*12@PIyF,LinkedIn,2017-10-18
julia59@ig.com.br,401.972.635-34,^96EWcmC,Uber,2021-10-03
noah69@uol.com.br,271.490.365-70,VP#7HAqK,Dropbox,2016-05-19
hmelo@alves.org,289.604.351-98,IL*Sy6Hz,Adobe,2019-02-15
yuri85@uol.com.br,148.025.697-85,#d4CG_ri,Adobe,2016-12-29
ivieira@costa.br,268.517.934-82,!3gXk#zs,Dropbox,2020-01-05
bianca09@uol.com.br,385.291.460-42,#6Nw$iaN,Instagram,2023-01-05
ddas-neves@bol.com.br,297.654.831-55,h@V3Kc%G,LinkedIn,2024-04-19
henriquemoraes@azevedo.br,278.934.051-04,c$ftD7Dq,LinkedIn,2025-06-08
uda-rosa@da.org,402.138.569-05,^a3Q6QHu,Adobe,2018-01-07
barbosavicente@barros.com,301.295.867-30,&7@c5oId,Instagram,2016-01-04
wviana@fernandes.com,256.419.380-33,_Hv8Inla,Instagram,2021-04-14
xalves@moreira.com,810.293.465-42,$81PpInS,Adobe,2019-05-30
fogacastephany@hotmail.com,790.152.384-05,l(AH7dZz,Netshoes,2020-10-14
lorena44@gmail.com,965.432.081-98,K@8UsfP%,MySpace,2018-12-08
da-cruznoah@uol.com.br,901.635.472-70,S6*Ka1Vk,Uber,2019-12-13
qcorreia@pereira.br,582.394.760-74,+rF6hWt6,Facebook,2023-02-28
gmelo@da.br,250.893.164-06,r8_7PAPs,MySpace,2019-09-28
campospietra@oliveira.net,105.743.896-01,*+l7ZIvl,MySpace,2018-01-02
joao-felipesilva@hotmail.com,238.940.756-00,)0XKex3@,Twitter,2020-11-08
sophie50@yahoo.com.br,584.726.013-07,(G2M@GhA,Adobe,2019-10-29
isabellada-cruz@fernandes.br,789.354.160-10,If#2BEa8,Adobe,2019-02-21
kduarte@silveira.com,750.246.813-71,8*68M(jq,Dropbox,2024-12-28
aragaoraquel@bol.com.br,067.542.138-17,$)5*Mvjy,Instagram,2020-04-24
kazevedo@uol.com.br,901.762.584-85,!%(80Id#,Dropbox,2021-04-25
marcelo79@da.com,562.849.073-38,(86ID8vU,Facebook,2020-04-25
luiz-henrique14@almeida.org,041.267.938-87,)1RlA_dr,Facebook,2018-10-30
peixotohenrique@pinto.com,071.638.954-10,)2C0j3Hy,LinkedIn,2018-09-19
da-cunhajoao-vitor@pinto.br,406.192.853-89,^6eEGPx*,Zoom,2015-11-06
wfreitas@gmail.com,846.905.732-47,(58zSmvX,Adobe,2016-10-11
joaquimazevedo@uol.com.br,052.138.947-04,$68&x#Iu,Twitter,2024-04-14
araujojoao@yahoo.com.br,253.187.649-91,*3(gRj%Q,Uber,2021-08-11
da-rosamaria@da.org,312.564.809-24,Np*69Kxn,MySpace,2020-10-17
monteirohelena@hotmail.com,842.350.691-60,*9lUXQ4s,Instagram,2018-05-07
anthonygomes@fernandes.org,874.956.132-46,+9xlXyYH,LinkedIn,2019-06-27
jesuslaura@barbosa.br,285.306.419-06,W)7ZedhE,Netshoes,2024-08-31
henrique@email.com,123.456.789-50,123456,Netshoes,2017-03-22
